channel,impressions,clicks,visits,trial_starts,paid_conversions,marketing_spend,retained_after_90d,ctr,visit_rate,trial_start_rate,trial_to_paid_rate,cac,retention_90d_rate,estimated_ltv_to_cac
Email,5934077,294465,243286,33813,17538,109206.95999999999,14296,0.04962271301838517,0.8261966617424821,0.1389845696012101,0.518676248780055,6.226876496749914,0.8151442581822329,2.3563333326007796
Organic,13262767,524591,433364,51599,24616,181087.52,20498,0.039553661766055306,0.8260988084050241,0.11906618916199777,0.4770635089827322,7.35649658758531,0.832710432239194,2.037489938566722
Bundle,8506510,237631,195646,30793,17463,716438.76,14371,0.02793519316382394,0.8233185064238252,0.15739141101785878,0.5671094079823337,41.026098608486514,0.822939930138006,0.3610608672261115
Paid Search,16643026,498872,403836,36087,15764,1329797.79,12974,0.029974837508515578,0.8094982280023734,0.0893605324933884,0.4368332086346884,84.35662205024106,0.8230144633341792,0.1756146699567007
Affiliate,10721960,234983,193634,19264,7673,841086.77,6266,0.021916048931352104,0.8240340790610384,0.09948666040054949,0.39830772425249167,109.61641730744168,0.816629740649029,0.13409793617369584
Paid Social,21532795,388569,321355,22256,7903,1516588.44,6417,0.018045451136278406,0.8270217130033534,0.06925674098738156,0.35509525521207763,191.90034670378336,0.811970137922308,0.07616173046921022
