risk_segment,subscribers,avg_watch_minutes,actual_churn_rate
Low,4468,914.5400626678603,0.11257833482542524
Medium,476,439.25210084033614,0.6785714285714286
High,56,110.51785714285714,0.9821428571428571
